{"regressao_linear": 99.14455185438479, "rede_neural": 99.14345367390086, "hiper_parametro": 0.0, "random_forest": 98.74121673419282, "gradient_boosting": 98.74566048107053, "svr": 98.58153287631824, "ridge": 99.023411398636, "lasso": 44.4377656418768}