{"regressao_linear": 99.6975475358911, "rede_neural": 99.32862846622263, "hiper_parametro": 0.0, "random_forest": 65.54684026787727, "gradient_boosting": 76.40983635843367, "svr": -134.11019834779924, "ridge": 99.3209250111483, "lasso": -1094.7819280371411}