{"regressao_linear": 99.34253533082637, "rede_neural": 99.35163607581514, "hiper_parametro": 0.0, "random_forest": 96.66212470851451, "gradient_boosting": 96.24247019266306, "svr": 39.078540516855256, "ridge": 99.19574172560647, "lasso": 44.498276355272324}