{"regressao_linear": -34589369.613829516, "rede_neural": -9013089671.349522, "hiper_parametro": 0.0, "random_forest": 42.437390210614645, "gradient_boosting": -5.057131144386262, "svr": -208.6360692081485, "ridge": -19360673.761039115, "lasso": -34804032.45373267}