{"regressao_linear": 99.74795324408436, "rede_neural": 97.56437838117921, "hiper_parametro": 0.0, "random_forest": -297.5786082286946, "gradient_boosting": -310.6752614709518, "svr": -1072.3860509165315, "ridge": 99.01230079242185, "lasso": -1481.2918997737024}