{"rede_neural_hiper_parameter": 0.0, "regressao_linear": 99.8112454155159, "rede_neural": 99.78744779925124, "random_forest": 97.28599896980678, "gradient_boosting": 97.53533053526009, "svr": 99.78092370196092, "ridge": 99.77023275242692, "lasso": 77.54901605842055}