{"regressao_linear": 98.5233841857177, "rede_neural": 98.41854567212413, "hiper_parametro": 0.0, "random_forest": -72.49130872907446, "gradient_boosting": -71.45352060144951, "svr": -279.9186709451867, "ridge": 89.93729354625533, "lasso": 87.00438711138179}