{"regressao_linear": 98.64021730399844, "rede_neural": 98.2046010205351, "hiper_parametro": 0.0, "random_forest": 97.52392949099742, "gradient_boosting": 97.39521381046849, "svr": 82.34499388014062, "ridge": 98.53053713313766, "lasso": 72.1143208261116}