{"regressao_linear": 99.93067224451953, "rede_neural": 99.81773267038757, "hiper_parametro": 0.0, "random_forest": 99.68966083966475, "gradient_boosting": 99.69050126528384, "svr": 90.35019570200876, "ridge": 99.3877147427246, "lasso": 93.9864063751641}