{"regressao_linear": 99.81064223052923, "rede_neural": 99.79215828433058, "hiper_parametro": 99.8107480810052, "random_forest": 97.71590122011486, "gradient_boosting": 97.909996555334, "svr": 99.77979725745237, "ridge": 99.77032608264112, "lasso": 77.6232308279258}