{"regressao_linear": 99.79267844897565, "rede_neural": 89.09605224792917, "hiper_parametro": 0.0, "random_forest": -196.40232046140386, "gradient_boosting": -195.0927450470711, "svr": -611.1030214680583, "ridge": 98.05274032581855, "lasso": -1022.0822567540855}