{"regressao_linear": 98.44311153356378, "rede_neural": 99.09811553118386, "hiper_parametro": 0.0, "random_forest": -81.00531623545115, "gradient_boosting": -95.69323776020823, "svr": -1863.928265163134, "ridge": 92.96702689265996, "lasso": -89.41508795183952}