{"regressao_linear": 99.511026148638, "rede_neural": 95.33890137453542, "hiper_parametro": 0.0, "random_forest": 87.4396211171995, "gradient_boosting": 84.89874117103119, "svr": 68.05028800320008, "ridge": 99.0145417978863, "lasso": -172.61508152981298}