{"regressao_linear": 78.6798546177627, "rede_neural": 86.58938510832999, "hiper_parametro": 0.0, "random_forest": 95.35715155213553, "gradient_boosting": 95.26867583070606, "svr": 94.43260523945382, "ridge": 85.92750109669424, "lasso": -1049.730050982913}