{"regressao_linear": 99.86956530500716, "rede_neural": 17.34128953117917, "hiper_parametro": 99.85165457552893, "random_forest": -542.069106668603, "gradient_boosting": -540.1119801607059, "svr": -852.6480268940398, "ridge": 95.82350216188841, "lasso": -935.4462040865961}