{"regressao_linear": 69.24903738005416, "rede_neural": -107.50547103849178, "hiper_parametro": 0.0, "random_forest": 45.90274231695619, "gradient_boosting": 44.86957467689301, "svr": -126.78680357907454, "ridge": 10.0924533178101, "lasso": -2374.3899365376697}