{"regressao_linear": 99.50218798266147, "rede_neural": 94.15862683176563, "hiper_parametro": 0.0, "random_forest": -157.01080052758311, "gradient_boosting": -154.9607900433657, "svr": -1378.0933888574707, "ridge": 97.09411967361416, "lasso": -1860.927523704411}