{"regressao_linear": 99.89033778454277, "rede_neural": 99.86093188647264, "hiper_parametro": 0.0, "random_forest": 99.66537455317727, "gradient_boosting": 99.69668838328305, "svr": 99.37798772965746, "ridge": 99.81057190479514, "lasso": -20.301288106397976}