{"regressao_linear": 99.94023695815683, "rede_neural": 99.83069807639693, "hiper_parametro": 0.0, "random_forest": 52.260154429016566, "gradient_boosting": 51.53465846769599, "svr": -166.14634083335366, "ridge": 99.78912300806245, "lasso": -340.33584984098144}