{"regressao_linear": 99.25165896403757, "rede_neural": 99.06667174954829, "hiper_parametro": 0.0, "random_forest": 97.73514983807627, "gradient_boosting": 97.64358077597234, "svr": 96.81024443176752, "ridge": 97.23598393692907, "lasso": -11.587188582274411}