{"regressao_linear": 84.6747751244136, "rede_neural": 86.11215365004114, "hiper_parametro": 0.0, "random_forest": 94.85079641146943, "gradient_boosting": 94.97938852515348, "svr": 97.8720717060265, "ridge": 89.39323913836878, "lasso": -128.1429161945639}