{"regressao_linear": 99.61495513377696, "rede_neural": 99.27706066408186, "hiper_parametro": 0.0, "random_forest": 6.43495606830059, "gradient_boosting": 5.344186769064185, "svr": -329.8557562821986, "ridge": 99.15442114318445, "lasso": -788.8895270555827}