{"regressao_linear": 98.71414215148324, "rede_neural": -120.47167496346253, "hiper_parametro": 0.0, "random_forest": 1.5559140568339402, "gradient_boosting": -13.42554459584866, "svr": -673.8783862003881, "ridge": 96.72607357562086, "lasso": -950.5346587728955}