{"regressao_linear": 99.8635999658429, "rede_neural": 99.84443519448605, "hiper_parametro": 0.0, "random_forest": 99.76664178200389, "gradient_boosting": 99.74911294955102, "svr": 99.8022919401945, "ridge": 99.83185413784582, "lasso": 63.1830452911871}