{"regressao_linear": 97.83615719949594, "rede_neural": 97.67734978749746, "hiper_parametro": 0.0, "random_forest": 97.06735362749217, "gradient_boosting": 97.00190340615077, "svr": 97.8949456213502, "ridge": 97.65042315303786, "lasso": -148.514701357172}