{"regressao_linear": 99.99897936226077, "rede_neural": 91.7277491672846, "hiper_parametro": 0.0, "random_forest": -12.018743312703473, "gradient_boosting": -12.035990769284034, "svr": -19.928700460290205, "ridge": 86.70483112049232, "lasso": -23.953242947749697}