{"regressao_linear": 99.30359663212386, "rede_neural": 94.8841831075384, "hiper_parametro": 0.0, "random_forest": -579.5992714203416, "gradient_boosting": -567.9452145705187, "svr": -2642.310820739554, "ridge": 96.97353585812894, "lasso": -1625.3754769435427}