{"regressao_linear": 99.82964278872547, "rede_neural": 99.8496327657896, "hiper_parametro": 0.0, "random_forest": 82.3461639125222, "gradient_boosting": 81.13462693523412, "svr": 8.658222212916765, "ridge": 99.80465636969268, "lasso": -110.99399101969101}